N,P,K,pH,EC,OC
0.6994600892488188,-0.2088081307212417,-1.1421614002389988,-13.107749915838225,-0.1831527958854725,0.27918841037728365
-0.8385443316674289,-0.2910643055689032,0.06940901212574029,-0.5633322695358567,1.301348812870464,0.20382053930967192
-1.0841080627380904,-0.22251749319585198,1.7967154784024966,0.15009432646238105,-0.2538433486833743,0.5268257010280082
1.345680434171612,-0.2088081307212417,0.5851450660377576,-0.22643637698113295,-1.3142016406519006,0.06385163589839285
-0.5154341592060323,-0.38246005539963823,-0.3644641760859568,-0.22643637698113295,-0.8193677710665884,-0.5390913326425016
-0.5154341592060323,-0.3184830305181237,-0.7082882120273016,-0.22643637698113295,0.45306217929564296,-0.5606250100903907
1.0225702617102153,-0.2819247305858297,-1.7479466064213682,-0.2660711878699249,1.9375637880515795,0.27918841037728365
1.0225702617102153,-0.149400893331264,0.33137018236676496,0.11045951557359084,0.45306217929564296,-0.24838668709599893
0.7770065306395539,-0.19966855573816825,-0.8802002299979741,-0.6227844858690438,-0.1124622430875707,-0.45295662285094523
0.867477378928745,0.019681243855595817,-1.1421614002389988,-0.9398629729793725,-0.8193677710665884,0.06385163589839285
0.053239744326025636,-0.4327277178065425,-0.8802002299979741,0.15009432646238105,0.5237527320935448,0.2899552491012282
0.5443672064673484,-0.2682153681112195,0.5032822003374374,0.13027692101798594,-0.7486772182686866,0.0530847971744483
0.5443672064673484,-0.3002038805519767,-0.27441502381560456,-0.18680156609234275,-0.8193677710665884,-0.29145404199177716
-0.11477754535390057,4.050233811391009,-0.3644641760859568,-0.20661897153673786,-0.607296112672883,0.27918841037728365
-0.5929806005967675,-0.368750692925028,-0.446327041786277,-0.741688918535418,0.3116810736998394,-0.45295662285094523
-0.5929806005967675,-0.2819247305858297,1.2809794244904793,-0.721871513091021,-1.3142016406519006,-0.5606250100903907
-0.02430669706470954,-0.2819247305858297,0.06940901212574029,-0.18680156609234275,1.1599677072746604,0.6990951206111209
-0.5154341592060323,-0.23165706817892545,2.574412702555539,-0.9993151893125596,-1.1728205350560972,-0.17301881602838712
0.7770065306395539,-0.350471542958881,-1.0521122479686464,-0.42461043142508925,0.806514943285152,-0.45295662285094523
-0.5154341592060323,-0.23165706817892545,-3.0413798844864277,0.2095465427955681,0.9478960488809557,0.1392195069660046
1.2681339927808768,-0.350471542958881,-1.4041225704800233,0.13027692101798594,0.24099052090193757,0.06385163589839285
1.0225702617102153,-0.12198216838204343,-0.446327041786277,1.002242760571388,1.4427299184662676,0.17152002313783826
0.13078618571676082,-0.3002038805519767,-0.9702493822683264,0.36808578635073247,0.6651338376893484,-0.16225197730444263
0.22125703400595184,0.179623806059382,0.1512718778260605,0.32845097546194046,0.5237527320935448,0.17152002313783826
-0.5154341592060323,-0.2819247305858297,-1.0521122479686464,0.011372488351611799,-0.7486772182686866,0.44069099123645183
0.22125703400595184,-0.3002038805519767,-0.8802002299979741,-0.3453408096475071,0.45306217929564296,-0.4098892679551671
-0.02430669706470954,-0.18138940577202123,-1.4041225704800233,-0.22643637698113295,-0.8193677710665884,-0.1407182998565535
-0.3474168695261061,-0.3093434555350502,0.1512718778260605,1.557130113014465,1.301348812870464,-0.17301881602838712
0.6994600892488188,-0.350471542958881,-0.020640140144611942,0.11045951557359084,0.9478960488809557,0.4083904750646182
-0.4378877178152971,-0.2682153681112195,-0.5363761940566293,0.2293639482399632,0.7358243904872502,-0.4098892679551671
0.867477378928745,-0.2682153681112195,-0.8802002299979741,-13.107749915838225,0.09960941530613472,0.3868567976167291
-0.7609978902766937,-0.3915996303827117,0.33137018236676496,-0.741688918535418,0.3823716264977412,-0.24838668709599893
0.22125703400595184,-0.17224983078894776,-0.446327041786277,0.5662598407946869,-0.04177169028966889,0.06385163589839285
1.1130411099994064,0.019681243855595817,-0.6264253463269814,1.4778604912368811,-0.4659150070770798,0.5914267333716753
1.436151282460803,-0.07171450597513919,-0.6264253463269814,-0.9794977838681644,-0.4659150070770798,0.06385163589839285
1.5136977238515381,-0.2819247305858297,0.6751942183081098,0.5662598407946869,-0.8193677710665884,0.06385163589839285
0.9450238203194802,-0.4510068677726895,-0.6264253463269814,-0.2660711878699249,-0.1124622430875707,0.14998634568994915
-0.6705270419875027,-0.44186729278961595,-0.6264253463269814,-0.22643637698113295,-0.1831527958854725,-0.3560550743354444
-1.8983456973408095,-0.2819247305858297,0.5851450660377576,-0.14716675520355077,-0.9607488766623921,-0.29145404199177716
-0.3474168695261061,-0.2819247305858297,2.1405395143438417,-0.0678971334259686,0.3116810736998394,0.0530847971744483
-0.6059050074952234,-0.350471542958881,-0.8802002299979741,0.3086335700175454,1.2306582600725622,-0.29145404199177716
1.1130411099994064,-0.3413319679758075,0.6751942183081098,0.5662598407946869,0.9478960488809557,-0.09765094496077532
-0.4378877178152971,2.0440971026063766,0.33137018236676496,0.051007299240403765,-0.7486772182686866,0.21458737803361635
0.4538963581781574,-0.240796643161999,1.4528914424611519,0.9626079496825979,0.5237527320935448,0.17152002313783826
-1.4072182351994869,-0.2819247305858297,0.6751942183081098,0.2293639482399632,2.2203259992431867,-0.09765094496077532
-0.8385443316674289,-0.3184830305181237,-1.3140734182096712,-0.008444917092783303,0.45306217929564296,-0.3560550743354444
1.2681339927808768,2.848379701116844,1.4528914424611519,-0.8209585403130001,1.0892771544767585,-0.2591535258199435
1.2681339927808768,-0.25907579312814594,-0.446327041786277,0.5662598407946869,-1.6676544046414095,0.17152002313783826
-1.0065616213473552,-0.33219239299273395,1.7967154784024966,-0.6822367022022309,1.9375637880515795,-0.5606250100903907
-0.4378877178152971,-0.3596111179419545,-0.5363761940566293,-0.6029670804246487,0.17029996810403575,-0.45295662285094523
1.1905875513901416,-0.22251749319585198,1.2809794244904793,-0.42461043142508925,-1.3848921934498024,-0.24838668709599893
0.867477378928745,-0.3184830305181237,-1.5760345884506959,0.24918135368435831,0.24099052090193757,-0.45295662285094523
-0.5929806005967675,-0.3184830305181237,-0.27441502381560456,-0.9596803784237676,-1.2435110878539988,0.48375834613223
1.6817150135314642,-0.4190183553319322,1.0190182542494546,-0.6227844858690438,0.24099052090193757,-0.32375455816361076
0.9450238203194802,-0.03058641855130842,-0.8802002299979741,-0.2660711878699249,0.7358243904872502,0.48375834613223
0.6219136478580836,-0.3596111179419545,-1.1421614002389988,-0.10753194431476058,1.0892771544767585,0.5914267333716753
0.4538963581781574,-0.4190183553319322,2.746324720526211,-0.028262322537178405,0.24099052090193757,-0.24838668709599893
0.867477378928745,-0.1905289807550947,1.4528914424611519,0.7644338952386432,-1.1021299822581954,-0.5606250100903907
-0.02430669706470954,-0.3915996303827117,1.534754308161472,0.7644338952386432,0.09960941530613472,0.06385163589839285
0.13078618571676082,-0.13112174336511698,-0.5363761940566293,0.13027692101798594,1.301348812870464,-0.3560550743354444
0.9450238203194802,-0.2682153681112195,0.75705708400843,0.2095465427955681,1.1599677072746604,-0.5606250100903907
0.053239744326025636,-0.368750692925028,1.2809794244904793,-0.028262322537178405,0.9478960488809557,0.48375834613223
1.5136977238515381,-0.2682153681112195,1.7967154784024966,-0.22643637698113295,-0.1124622430875707,0.06385163589839285
-0.3474168695261061,-0.24993621814507247,-0.3644641760859568,-0.9596803784237676,-0.1124622430875707,0.06385163589839285
1.2681339927808768,-0.2088081307212417,0.06940901212574029,0.7644338952386432,-0.39522445427917796,0.17152002313783826
0.22125703400595184,-0.23165706817892545,3.090148756467556,0.5662598407946869,-1.1728205350560972,-0.3560550743354444
-3.1132399457956605,-0.33219239299273395,-1.7479466064213682,-0.18680156609234275,-0.1124622430875707,0.21458737803361635
-0.8385443316674289,3.447021862508159,-0.3644641760859568,0.07082470468479887,-0.4659150070770798,0.06385163589839285
0.3763499167874222,-0.240796643161999,-1.0521122479686464,0.2095465427955681,0.5237527320935448,-0.03304991261710812
1.5912441652422733,-0.08085408095821274,-1.4859854361803437,1.1607820041265524,-0.1831527958854725,-0.17301881602838712
0.22125703400595184,-0.1905289807550947,-0.19255215811528437,-0.04807972798157351,1.3720393656683658,0.17152002313783826
0.22125703400595184,-0.33219239299273395,-0.020640140144611942,0.16991173190677614,0.5237527320935448,-0.5606250100903907
-1.0841080627380904,-0.3184830305181237,0.5032822003374374,-0.16698416064794763,0.3116810736998394,-0.1407182998565535
-1.1616545041288255,-0.4327277178065425,-0.446327041786277,-0.3651582150919022,0.3116810736998394,0.14998634568994915
0.3763499167874222,-0.3413319679758075,-1.232210552509351,0.13027692101798594,0.806514943285152,-0.24838668709599893
1.2681339927808768,-0.2910643055689032,1.109067406519807,-0.8209585403130001,0.09960941530613472,-0.03304991261710812
1.0225702617102153,-0.350471542958881,-0.5363761940566293,-0.8209585403130001,0.17029996810403575,0.17152002313783826
0.7770065306395539,-0.07171450597513919,0.33137018236676496,-0.3453408096475071,2.1496354464452847,0.48375834613223
0.9450238203194802,-0.2682153681112195,-0.9702493822683264,0.8437035170162255,1.0185866016788567,-0.3560550743354444
-2.2990023111929414,-0.24993621814507247,-0.27441502381560456,-0.6227844858690438,-0.1831527958854725,0.27918841037728365
-0.6705270419875027,-0.44186729278961595,-0.6264253463269814,0.7644338952386432,0.09960941530613472,0.27918841037728365
0.3763499167874222,-0.240796643161999,-1.0521122479686464,0.2095465427955681,0.5237527320935448,-0.1407182998565535
0.298803475396687,-0.3596111179419545,-1.3140734182096712,-0.8209585403130001,-0.8900583238644902,0.48375834613223
0.7770065306395539,-0.4327277178065425,-1.4041225704800233,0.13027692101798594,0.09960941530613472,-0.011516235169219017
-0.5154341592060323,-0.33219239299273395,1.2809794244904793,-0.9794977838681644,-1.5969638518435076,-0.03304991261710812
-0.19232398674463574,-0.3915996303827117,-1.8298094721216884,0.36808578635073247,-0.8193677710665884,0.06385163589839285
1.1905875513901416,-0.1905289807550947,1.886764630672849,-0.22643637698113295,0.806514943285152,-0.5606250100903907
-1.9758921387315447,-0.3093434555350502,-0.10250300584493215,-0.18680156609234275,-0.9607488766623921,0.5914267333716753
-0.19232398674463574,-0.3596111179419545,0.6751942183081098,-0.42461043142508925,-1.6676544046414095,-0.45295662285094523
0.13078618571676082,-0.2910643055689032,-0.446327041786277,0.2095465427955681,-0.2538433486833743,-0.03304991261710812
-0.5929806005967675,-0.33219239299273395,-0.3644641760859568,-0.702054107646626,-1.0314394294602935,-0.24838668709599893
0.867477378928745,3.145415888066733,-0.10250300584493215,-0.20661897153673786,1.7961826824557765,0.06385163589839285
-0.8385443316674289,-0.2819247305858297,-1.3140734182096712,0.189729137351173,0.24099052090193757,0.27918841037728365
-0.02430669706470954,-0.2819247305858297,0.5032822003374374,0.13027692101798594,1.3720393656683658,0.2253542167575609
-1.0065616213473552,-0.350471542958881,0.8471062362787822,1.557130113014465,-0.7486772182686866,-0.4314229454030562
0.298803475396687,-0.38246005539963823,1.6248034604318242,-1.0191325947569547,-1.0314394294602935,0.06385163589839285
-0.4378877178152971,-0.3184830305181237,-1.5760345884506959,0.2293639482399632,-0.2538433486833743,-0.03304991261710812
-1.0841080627380904,-0.3093434555350502,0.06940901212574029,-0.741688918535418,-1.6676544046414095,0.27918841037728365
-1.4072182351994869,-0.38246005539963823,-1.232210552509351,-0.22643637698113295,-0.9607488766623921,0.27918841037728365
0.053239744326025636,-0.350471542958881,-0.8802002299979741,0.16991173190677614,-1.3142016406519006,0.27918841037728365
0.4538963581781574,-0.23165706817892545,0.5851450660377576,-0.028262322537178405,0.7358243904872502,-0.24838668709599893
-2.5445660422636025,-0.2819247305858297,-0.19255215811528437,-0.3057059987587151,-1.455582746247704,0.2253542167575609
0.053239744326025636,-0.44186729278961595,-0.446327041786277,-0.22643637698113295,-0.04177169028966889,-0.03304991261710812
-0.4378877178152971,-0.2819247305858297,-0.446327041786277,-0.325523404203112,0.8772054960830539,0.27918841037728365
-2.221455869802206,-0.2910643055689032,-1.4041225704800233,0.189729137351173,-0.2538433486833743,-0.09765094496077532
1.5912441652422733,-0.3413319679758075,0.24132103009641273,-0.028262322537178405,0.09960941530613472,0.11768582951811549
1.6817150135314642,-0.350471542958881,-1.4041225704800233,-0.008444917092783303,2.1496354464452847,-0.38835559050727797
0.4538963581781574,-0.2088081307212417,-0.8802002299979741,-0.6227844858690438,-0.1831527958854725,-0.5067908164706679
1.7592614549221994,-0.021446843568234952,1.7967154784024966,0.5662598407946869,-0.9607488766623921,-0.0007493964452744652
-0.5154341592060323,-0.3184830305181237,0.41323304806708516,0.36808578635073247,1.2306582600725622,-0.1407182998565535
0.867477378928745,2.1446324274201847,-1.1421614002389988,-0.325523404203112,-0.8900583238644902,0.27918841037728365
0.9450238203194802,-0.3184830305181237,-0.5363761940566293,-0.10753194431476058,1.0892771544767585,0.48375834613223
0.867477378928745,-0.2910643055689032,-0.3644641760859568,-0.22643637698113295,0.3116810736998394,0.1392195069660046
1.2681339927808768,3.7486278369495842,-0.6264253463269814,-0.28588859331432004,0.5237527320935448,-0.45295662285094523
-0.11477754535390057,-0.33219239299273395,-0.446327041786277,-0.008444917092783303,0.24099052090193757,-0.5606250100903907
1.436151282460803,-0.19966855573816825,0.8471062362787822,0.5662598407946869,-1.5969638518435076,-0.3560550743354444
0.4538963581781574,-0.2819247305858297,-0.27441502381560456,-0.22643637698113295,1.5134204712641695,-0.011516235169219017
0.4538963581781574,0.05166975629635304,0.8471062362787822,3.9352187663419267,-0.8900583238644902,-0.45295662285094523
-0.19232398674463574,-0.3093434555350502,0.41323304806708516,-0.2660711878699249,-0.8193677710665884,-0.19455249347627623
-1.0065616213473552,-0.2819247305858297,0.5851450660377576,-0.9596803784237676,-1.3142016406519006,0.06385163589839285
1.345680434171612,-0.2682153681112195,2.2305886666141936,0.7644338952386432,-0.6779866654707848,-0.03304991261710812
-0.19232398674463574,-0.3413319679758075,-0.446327041786277,0.16991173190677614,0.5237527320935448,0.6990951206111209
1.345680434171612,0.010541668872522267,-0.9702493822683264,0.7644338952386432,-0.8193677710665884,0.17152002313783826
0.13078618571676082,-0.33219239299273395,1.6248034604318242,0.7644338952386432,0.6651338376893484,0.17152002313783826
0.5443672064673484,-0.3184830305181237,-0.5363761940566293,-0.0678971334259686,0.3823716264977412,-0.5606250100903907
1.5912441652422733,5.051017272037558,0.24132103009641273,1.1607820041265524,0.17029996810403575,-0.11918462240866443
-2.699658925045073,-0.3184830305181237,-0.3644641760859568,-0.22643637698113295,-0.4659150070770798,0.3222557652730619
-0.5154341592060323,-0.3093434555350502,-0.27441502381560456,-0.008444917092783303,0.5237527320935448,-0.3560550743354444
-2.5445660422636025,-0.2910643055689032,-0.3644641760859568,0.16991173190677614,1.3720393656683658,0.5914267333716753
0.5443672064673484,-0.17224983078894776,-0.19255215811528437,-0.325523404203112,0.5944432848914466,-0.4098892679551671
-0.8385443316674289,3.5475571873219667,1.6248034604318242,-0.2660711878699249,2.008254340849481,-0.24838668709599893
-1.484764676590222,-0.350471542958881,0.5851450660377576,-0.16698416064794763,-0.1831527958854725,-0.2591535258199435
-0.5154341592060323,-0.3093434555350502,-0.9702493822683264,0.24918135368435831,0.8772054960830539,-0.38835559050727797
0.9450238203194802,-0.2910643055689032,0.06940901212574029,1.557130113014465,0.7358243904872502,-0.5606250100903907
-0.5154341592060323,-0.3184830305181237,-1.232210552509351,0.2095465427955681,0.5237527320935448,-0.5606250100903907
0.4538963581781574,-0.2819247305858297,1.7148526127021764,-0.6227844858690438,0.9478960488809557,0.27918841037728365
-0.4378877178152971,-0.22251749319585198,1.886764630672849,0.5662598407946869,-0.39522445427917796,-0.45295662285094523
-0.26987042813537093,0.028820818838669285,0.41323304806708516,-0.6227844858690438,0.3116810736998394,-0.17301881602838712
-0.5929806005967675,-0.4098787803488587,-1.1421614002389988,-0.14716675520355077,1.5134204712641695,0.17152002313783826
1.1905875513901416,-0.2910643055689032,0.5032822003374374,-0.028262322537178405,1.301348812870464,-0.08688410623683077
1.2681339927808768,-0.4190183553319322,-1.5760345884506959,-0.008444917092783303,-1.1728205350560972,0.48375834613223
1.345680434171612,-0.22251749319585198,1.0190182542494546,0.7644338952386432,-0.8193677710665884,-0.054583590064997224
0.867477378928745,-0.2910643055689032,1.1909302722201272,-0.20661897153673786,0.45306217929564296,-0.3560550743354444
0.6994600892488188,-0.03972599353438197,-0.020640140144611942,0.5662598407946869,0.3823716264977412,0.27918841037728365
0.22125703400595184,-0.3184830305181237,1.2809794244904793,-0.6426018913134389,0.7358243904872502,0.3868567976167291
0.9450238203194802,0.271019555890117,-0.7983373642976539,0.2095465427955681,0.9478960488809557,-0.24838668709599893
-0.8385443316674289,-0.240796643161999,1.7967154784024966,-0.08771453887036547,-1.455582746247704,0.0530847971744483
1.345680434171612,-0.350471542958881,2.574412702555539,-0.028262322537178405,-0.8193677710665884,-0.4098892679551671
0.6994600892488188,-0.1905289807550947,-0.7082882120273016,-1.0191325947569547,1.5841110240620713,0.3868567976167291
-0.6705270419875027,-0.2819247305858297,-0.19255215811528437,0.16991173190677614,-0.8900583238644902,-0.5067908164706679
1.1905875513901416,-0.4007392053657853,1.6248034604318242,0.9626079496825979,0.7358243904872502,0.06385163589839285
-2.05343858012228,-0.3093434555350502,1.7148526127021764,0.011372488351611799,-1.2435110878539988,0.17152002313783826
1.436151282460803,-0.2682153681112195,0.1512718778260605,0.5266250299058968,0.24099052090193757,-0.45295662285094523
-0.5929806005967675,-0.33219239299273395,-1.3140734182096712,-0.04807972798157351,0.8772054960830539,0.27918841037728365
-0.5929806005967675,-0.3093434555350502,0.06940901212574029,0.605894651683479,-0.8193677710665884,0.17152002313783826
-1.5623111179809572,-0.2819247305858297,-0.020640140144611942,0.16991173190677614,0.45306217929564296,-0.16225197730444263
0.3763499167874222,-0.08085408095821274,0.9289691019791024,-0.22643637698113295,-0.8900583238644902,-0.03304991261710812
1.6817150135314642,-0.2682153681112195,0.41323304806708516,1.1607820041265524,0.028918862508232914,-0.054583590064997224
-1.6527819662701482,-0.2819247305858297,-0.446327041786277,0.16991173190677614,1.5134204712641695,-0.1407182998565535
-0.4378877178152971,4.849946622409941,1.0190182542494546,-0.20661897153673786,-0.8900583238644902,-0.1407182998565535
-1.0841080627380904,-0.350471542958881,-1.4041225704800233,-0.28588859331432004,-0.2538433486833743,-0.2591535258199435
0.22125703400595184,-0.10827280590743323,0.5032822003374374,0.7644338952386432,0.5944432848914466,-0.24838668709599893
-0.916090773058164,-0.13112174336511698,-0.7983373642976539,0.605894651683479,0.5944432848914466,-0.3560550743354444
-0.5929806005967675,-0.3596111179419545,0.5032822003374374,-0.5633322695358567,-1.3142016406519006,-0.24838668709599893
-0.5154341592060323,-0.33219239299273395,-0.020640140144611942,0.07082470468479887,0.45306217929564296,0.02078428100261464
-0.4378877178152971,-0.350471542958881,0.9289691019791024,0.36808578635073247,0.3823716264977412,0.17152002313783826
-1.2392009455195605,-0.44186729278961595,-0.3644641760859568,-0.42461043142508925,1.5841110240620713,0.1392195069660046
0.6994600892488188,2.2451677522339932,-1.4041225704800233,0.36808578635073247,-0.1124622430875707,0.27918841037728365
-0.5154341592060323,-0.3915996303827117,-0.8802002299979741,0.13027692101798594,1.654801576859973,0.14998634568994915
-0.916090773058164,-0.3184830305181237,0.33137018236676496,0.051007299240403765,0.7358243904872502,-0.16225197730444263
-1.4072182351994869,-0.38246005539963823,-0.3644641760859568,0.4275380026839195,0.806514943285152,0.3760899588927845
-2.1309850215130153,-0.3002038805519767,-0.020640140144611942,-0.28588859331432004,-0.2538433486833743,0.4729915074082855
1.2681339927808768,-0.08085408095821274,-0.7082882120273016,-0.14716675520355077,-1.8090355102372129,-0.24838668709599893
-0.5154341592060323,4.251304461018627,-0.8802002299979741,-0.44442783686948434,0.24099052090193757,-0.03304991261710812
-1.3296717938087517,-0.2819247305858297,-1.657897454151016,-0.08771453887036547,0.24099052090193757,-0.09765094496077532
-1.2392009455195605,-0.3915996303827117,0.6751942183081098,0.16991173190677614,-0.4659150070770798,0.27918841037728365
-0.6705270419875027,-0.2910643055689032,-1.4041225704800233,0.189729137351173,0.8772054960830539,-0.4421897841270008
1.436151282460803,-0.08999365594128621,0.6751942183081098,7.205090664667189,-0.2538433486833743,-0.1407182998565535
-1.5623111179809572,-0.2682153681112195,-0.3644641760859568,0.36808578635073247,0.5237527320935448,-0.24838668709599893
0.22125703400595184,-0.007737481093624669,-0.10250300584493215,-0.22643637698113295,0.7358243904872502,-0.03304991261710812
0.6219136478580836,-0.3093434555350502,0.33137018236676496,1.061694976904577,0.3823716264977412,0.27918841037728365
-0.26987042813537093,-0.3184830305181237,-1.232210552509351,0.2095465427955681,-1.6676544046414095,0.1392195069660046
1.1130411099994064,-0.3915996303827117,-0.8802002299979741,-0.14716675520355077,0.806514943285152,-0.38835559050727797
0.22125703400595184,-0.368750692925028,-0.020640140144611942,0.7644338952386432,-1.1728205350560972,0.17152002313783826
0.867477378928745,-0.350471542958881,0.8471062362787822,-0.22643637698113295,0.028918862508232914,-0.4637234615748898
0.3763499167874222,-0.3596111179419545,-0.9702493822683264,0.11045951557359084,0.24099052090193757,0.27918841037728365
0.298803475396687,-0.4327277178065425,0.8471062362787822,-1.0191325947569547,-1.3142016406519006,-0.24838668709599893
-0.19232398674463574,3.849163161763393,-0.3644641760859568,-0.12734934975915568,-0.7486772182686866,-0.03304991261710812
-0.5929806005967675,-0.3093434555350502,1.4528914424611519,-0.2462537824255298,1.5841110240620713,0.10691899079417094
0.5443672064673484,0.22075189348321286,0.06940901212574029,-0.008444917092783303,1.1599677072746604,0.27918841037728365
0.4538963581781574,-0.05800514350052899,-0.5363761940566293,-0.9794977838681644,1.8668732352536783,-0.5606250100903907
0.22125703400595184,-0.33219239299273395,-0.446327041786277,-0.08771453887036547,-0.6779866654707848,-0.29145404199177716
0.298803475396687,-0.18138940577202123,0.5032822003374374,-0.6227844858690438,-1.738344957439311,0.48375834613223
0.4538963581781574,-0.240796643161999,1.4528914424611519,0.8635209224606206,0.5237527320935448,-0.03304991261710812
-2.5445660422636025,-0.2682153681112195,0.33137018236676496,-0.9002281620905823,-1.1021299822581954,0.06385163589839285
0.7770065306395539,-0.2819247305858297,-1.1421614002389988,0.16991173190677614,0.9478960488809557,0.48375834613223
0.6219136478580836,-0.5286932551288143,0.9289691019791024,0.6653468680166643,2.008254340849481,-0.45295662285094523
-0.19232398674463574,-0.3413319679758075,-0.27441502381560456,0.2095465427955681,-0.04177169028966889,-0.19455249347627623
-1.3296717938087517,-0.350471542958881,-0.6264253463269814,-0.8209585403130001,-1.6676544046414095,0.17152002313783826
-0.5929806005967675,-0.2819247305858297,0.24132103009641273,-0.42461043142508925,-0.39522445427917796,-0.5606250100903907
-0.5154341592060323,-0.3915996303827117,0.06940901212574029,-0.028262322537178405,0.028918862508232914,-0.19455249347627623
0.6994600892488188,-0.03972599353438197,-0.020640140144611942,-0.6227844858690438,0.3823716264977412,-0.03304991261710812
0.5443672064673484,0.0014020938894487992,0.41323304806708516,-0.6624192967578357,0.6651338376893484,-0.38835559050727797
-0.3474168695261061,-0.4007392053657853,0.75705708400843,-0.7813237294242081,-1.738344957439311,-0.03304991261710812
-2.790129773334264,-0.3915996303827117,0.6751942183081098,-0.3651582150919022,1.1599677072746604,0.2253542167575609
1.5912441652422733,-0.12198216838204343,1.534754308161472,-0.028262322537178405,0.45306217929564296,-0.1407182998565535
-2.1309850215130153,-0.33219239299273395,0.06940901212574029,0.2293639482399632,-0.7486772182686866,-0.011516235169219017
1.5912441652422733,-0.149400893331264,1.2809794244904793,-0.8209585403130001,0.8772054960830539,-0.4098892679551671
0.867477378928745,-0.2819247305858297,-0.10250300584493215,-0.20661897153673786,-0.8900583238644902,-0.054583590064997224
-0.11477754535390057,-0.2819247305858297,1.6248034604318242,0.15009432646238105,-0.8193677710665884,0.2253542167575609
1.345680434171612,-0.2910643055689032,0.5851450660377576,-0.42461043142508925,-1.738344957439311,-0.11918462240866443
-0.5154341592060323,2.944345238439116,1.7967154784024966,-0.44442783686948434,-0.1831527958854725,-0.45295662285094523
-0.6705270419875027,-0.08999365594128621,0.06940901212574029,-0.3453408096475071,-0.2538433486833743,-0.17301881602838712
0.22125703400595184,-0.23165706817892545,-0.19255215811528437,0.011372488351611799,-0.8193677710665884,0.17152002313783826
-2.3765487525836764,-0.3413319679758075,-0.6264253463269814,0.16991173190677614,0.17029996810403575,-0.03304991261710812
0.298803475396687,-0.2682153681112195,-0.3644641760859568,0.011372488351611799,-0.9607488766623921,0.06385163589839285
0.3763499167874222,-0.17224983078894776,1.2809794244904793,-0.08771453887036547,-0.2538433486833743,0.48375834613223
1.1130411099994064,-0.3184830305181237,0.06940901212574029,0.03118989379600866,-0.04177169028966889,-0.19455249347627623
1.2681339927808768,-0.350471542958881,-0.020640140144611942,0.36808578635073247,0.17029996810403575,0.27918841037728365
-0.5154341592060323,-0.3184830305181237,-1.5760345884506959,0.40772059723952264,1.2306582600725622,-0.24838668709599893
0.298803475396687,-0.03058641855130842,2.836373872796563,-0.028262322537178405,1.9375637880515795,-0.5606250100903907
0.4538963581781574,-0.05800514350052899,-0.5363761940566293,-0.3453408096475071,0.3116810736998394,0.27918841037728365
0.4538963581781574,-0.07171450597513919,0.9289691019791024,0.7644338952386432,-0.2538433486833743,-0.2268530096481099
0.22125703400595184,-0.350471542958881,-0.7082882120273016,0.03118989379600866,0.3116810736998394,-0.5606250100903907
-0.26987042813537093,3.5475571873219667,1.2809794244904793,-0.44442783686948434,1.2306582600725622,-0.5606250100903907
-1.3296717938087517,-0.2819247305858297,-1.0521122479686464,-0.10753194431476058,0.9478960488809557,-0.09765094496077532
-0.7609978902766937,-0.4510068677726895,0.41323304806708516,0.36808578635073247,-0.1124622430875707,-0.37758875178333345
-0.4378877178152971,-0.4007392053657853,0.06940901212574029,0.2888161645731503,0.5944432848914466,-0.16225197730444263
1.436151282460803,-0.33219239299273395,-1.1421614002389988,-0.04807972798157351,0.8772054960830539,-0.12995146113260897
-2.2990023111929414,-0.2910643055689032,-0.6264253463269814,-0.18680156609234275,-0.1124622430875707,-0.03304991261710812
1.1130411099994064,0.2892987058562641,-1.0521122479686464,-0.12734934975915568,0.028918862508232914,-0.45295662285094523
-0.3474168695261061,-0.33219239299273395,-2.2636826603333855,0.2095465427955681,-0.8193677710665884,0.20382053930967192
0.298803475396687,-0.3596111179419545,0.75705708400843,0.5662598407946869,-1.738344957439311,-0.03304991261710812
0.9450238203194802,-0.23165706817892545,-0.3644641760859568,0.6851642734610611,0.45306217929564296,-0.5606250100903907
0.22125703400595184,-0.44186729278961595,0.41323304806708516,-0.48406264775827634,1.654801576859973,0.48375834613223
0.4538963581781574,-0.350471542958881,-1.3140734182096712,0.5662598407946869,0.45306217929564296,-0.24838668709599893
-0.02430669706470954,-0.3184830305181237,-0.6264253463269814,0.9626079496825979,0.5237527320935448,-0.24838668709599893
-0.4378877178152971,-0.2682153681112195,1.7967154784024966,0.15009432646238105,0.9478960488809557,0.25765473292939456
-0.6705270419875027,-0.4098787803488587,0.06940901212574029,-0.22643637698113295,0.45306217929564296,-0.5606250100903907
-0.11477754535390057,-0.48299538021344673,-0.8802002299979741,0.16991173190677614,0.17029996810403575,-0.5606250100903907
-0.5154341592060323,-0.3002038805519767,0.9289691019791024,-0.14716675520355077,0.028918862508232914,0.4083904750646182
0.4538963581781574,-0.350471542958881,-1.5760345884506959,-0.44442783686948434,0.5237527320935448,-0.19455249347627623
-0.5929806005967675,-0.07171450597513919,-0.5363761940566293,0.5662598407946869,-0.607296112672883,0.03155111972655919
-1.4072182351994869,-0.4007392053657853,-0.7983373642976539,-0.18680156609234275,1.2306582600725622,0.17152002313783826
0.867477378928745,-0.12198216838204343,-1.1421614002389988,0.16991173190677614,-0.1831527958854725,0.6990951206111209
1.1905875513901416,-0.3184830305181237,-0.19255215811528437,-1.0191325947569547,2.3617071048389904,0.3868567976167291
-0.11477754535390057,-0.350471542958881,-0.19255215811528437,-0.5236974586470665,0.3823716264977412,-0.3560550743354444
-2.8676762147249995,-0.2910643055689032,0.75705708400843,-0.3651582150919022,-0.8193677710665884,0.17152002313783826
0.5443672064673484,4.251304461018627,-0.19255215811528437,-0.325523404203112,-0.8193677710665884,0.27918841037728365
0.6994600892488188,-0.33219239299273395,-0.7082882120273016,0.38790319179512756,0.6651338376893484,-0.32375455816361076
0.4538963581781574,-0.240796643161999,-1.3140734182096712,-0.22643637698113295,-0.2538433486833743,-0.45295662285094523
1.436151282460803,-0.05800514350052899,-0.446327041786277,0.5662598407946869,-1.8090355102372129,-0.1407182998565535
0.3763499167874222,-0.350471542958881,0.06940901212574029,-0.008444917092783303,-0.9607488766623921,-0.12995146113260897
0.6219136478580836,-0.33219239299273395,-0.3644641760859568,-0.325523404203112,-1.455582746247704,0.06385163589839285
-1.484764676590222,-0.3915996303827117,-0.19255215811528437,0.2095465427955681,0.5944432848914466,0.27918841037728365
-0.19232398674463574,-0.14026131834819044,0.5851450660377576,1.1607820041265524,-0.04177169028966889,-0.2268530096481099
-0.916090773058164,-0.2682153681112195,0.06940901212574029,0.3086335700175454,0.24099052090193757,0.1822868618617828
-1.0841080627380904,-0.24993621814507247,-1.3140734182096712,-0.028262322537178405,-0.5366055598749816,0.3760899588927845
-1.5623111179809572,-0.350471542958881,-0.8802002299979741,0.011372488351611799,1.2306582600725622,0.27918841037728365
0.5443672064673484,-0.3413319679758075,-0.446327041786277,0.16991173190677614,0.24099052090193757,-0.17301881602838712
-2.1309850215130153,-0.3184830305181237,-0.8802002299979741,0.26899875912875515,1.654801576859973,0.14998634568994915
1.436151282460803,-0.08999365594128621,0.6751942183081098,-0.18680156609234275,2.1496354464452847,-0.45295662285094523
1.436151282460803,-0.2819247305858297,-1.3140734182096712,-0.22643637698113295,0.6651338376893484,0.17152002313783826
1.345680434171612,-0.09913323092435967,-0.19255215811528437,-0.22643637698113295,-0.6779866654707848,0.27918841037728365
-2.4670196008728675,-0.3093434555350502,-0.446327041786277,-0.3849756205362973,0.8772054960830539,0.2253542167575609
-0.5929806005967675,-0.3184830305181237,-0.8802002299979741,-0.20661897153673786,-0.04177169028966889,-0.09765094496077532
-0.11477754535390057,3.849163161763393,1.0190182542494546,-0.4642452423138795,-0.7486772182686866,-0.5606250100903907
-0.6705270419875027,-0.3596111179419545,-0.5363761940566293,-0.028262322537178405,0.3823716264977412,-0.1407182998565535
-0.8385443316674289,3.5475571873219667,-0.27441502381560456,1.1607820041265524,0.9478960488809557,-0.3560550743354444
-0.5929806005967675,-0.2682153681112195,0.06940901212574029,0.36808578635073247,1.2306582600725622,-0.5606250100903907
-0.8385443316674289,-0.2910643055689032,-1.0521122479686464,-0.028262322537178405,0.9478960488809557,0.17152002313783826
1.436151282460803,-0.33219239299273395,-1.4041225704800233,1.358956058570507,-0.32453390148127614,-0.3560550743354444
0.867477378928745,-0.2910643055689032,0.5851450660377576,1.1607820041265524,1.654801576859973,0.06385163589839285
-0.8385443316674289,-0.240796643161999,-0.27441502381560456,-0.22643637698113295,0.3823716264977412,-0.11918462240866443
0.6994600892488188,-0.33219239299273395,0.75705708400843,0.9626079496825979,1.4427299184662676,-0.32375455816361076
0.4538963581781574,-0.4007392053657853,-0.3644641760859568,-0.0678971334259686,-0.607296112672883,0.20382053930967192
0.13078618571676082,-0.350471542958881,-0.19255215811528437,-0.741688918535418,-1.5262732990456058,-0.03304991261710812
0.6219136478580836,-0.44186729278961595,-1.232210552509351,0.5068076244615,0.45306217929564296,-0.4098892679551671
-2.05343858012228,-0.33219239299273395,-0.8802002299979741,0.16991173190677614,0.5944432848914466,-0.3560550743354444
0.6994600892488188,-0.007737481093624669,-1.0521122479686464,-0.9200455675349773,2.856540974424302,0.27918841037728365
1.1905875513901416,-0.2819247305858297,-0.9702493822683264,0.3086335700175454,-1.5969638518435076,0.27918841037728365
-2.2990023111929414,-0.4327277178065425,1.7967154784024966,-0.6029670804246487,0.17029996810403575,-0.24838668709599893
-0.5154341592060323,-0.149400893331264,-1.4859854361803437,-0.22643637698113295,-1.5969638518435076,-0.0007493964452744652
0.4538963581781574,-0.44186729278961595,0.5032822003374374,0.5662598407946869,-0.6779866654707848,0.27918841037728365
-0.02430669706470954,-0.23165706817892545,-1.1421614002389988,0.38790319179512756,0.3116810736998394,0.27918841037728365
0.3763499167874222,2.1446324274201847,-0.6264253463269814,-0.14716675520355077,-0.04177169028966889,0.27918841037728365
-1.2392009455195605,-0.33219239299273395,-0.27441502381560456,0.03118989379600866,-0.8193677710665884,0.5914267333716753
-0.4378877178152971,4.251304461018627,0.9289691019791024,-0.28588859331432004,-0.6779866654707848,-0.24838668709599893
0.3763499167874222,-0.38246005539963823,1.2809794244904793,-0.22643637698113295,-1.5262732990456058,-0.45295662285094523
0.9450238203194802,-0.03058641855130842,-0.8802002299979741,-0.2660711878699249,0.7358243904872502,0.06385163589839285
0.3763499167874222,-0.4098787803488587,-1.232210552509351,-0.42461043142508925,0.5237527320935448,-0.45295662285094523
-0.4378877178152971,-0.2819247305858297,1.4528914424611519,-0.3057059987587151,-0.2538433486833743,0.07461847462233728
-0.5929806005967675,-0.2682153681112195,-0.19255215811528437,-0.5831496749802536,0.6651338376893484,-0.03304991261710812
1.1130411099994064,-0.03058641855130842,-0.7983373642976539,0.2095465427955681,-0.2538433486833743,-0.1407182998565535
1.1130411099994064,-0.3093434555350502,-1.8298094721216884,0.051007299240403765,0.028918862508232914,-0.16225197730444263
0.13078618571676082,-0.3184830305181237,3.180197908737908,-0.028262322537178405,-1.8090355102372129,0.1822868618617828
0.6219136478580836,-0.2088081307212417,-0.10250300584493215,-0.22643637698113295,-2.374559932620427,-0.24838668709599893
-1.2392009455195605,-0.2910643055689032,0.1512718778260605,-0.10753194431476058,-0.8193677710665884,0.25765473292939456
0.13078618571676082,-0.3915996303827117,0.8471062362787822,0.2888161645731503,0.45306217929564296,0.27918841037728365
-0.8385443316674289,-0.17224983078894776,1.7148526127021764,-0.0678971334259686,0.17029996810403575,0.5268257010280082
-0.3474168695261061,-0.3413319679758075,1.109067406519807,0.7644338952386432,0.5237527320935448,-0.5606250100903907
-1.1616545041288255,-0.350471542958881,2.1405395143438417,0.38790319179512756,1.301348812870464,-0.45295662285094523
-0.7609978902766937,-0.368750692925028,-0.7082882120273016,0.11045951557359084,0.3116810736998394,-0.45295662285094523
0.3763499167874222,3.0448805632529243,-0.9702493822683264,0.38790319179512756,1.1599677072746604,0.17152002313783826
-0.11477754535390057,-0.3413319679758075,-0.19255215811528437,-1.0984022165345368,-0.7486772182686866,0.5914267333716753
-1.0841080627380904,-0.2910643055689032,-0.020640140144611942,-0.028262322537178405,1.5841110240620713,0.5914267333716753
1.5912441652422733,-0.33219239299273395,0.6751942183081098,-0.42461043142508925,-1.455582746247704,-0.1407182998565535
-0.5929806005967675,-0.2910643055689032,-0.446327041786277,-0.008444917092783303,-0.2538433486833743,0.06385163589839285
-0.11477754535390057,-0.3184830305181237,2.2305886666141936,-0.2660711878699249,2.3617071048389904,0.1392195069660046
0.4538963581781574,-0.2819247305858297,-0.10250300584493215,-0.08771453887036547,-0.2538433486833743,0.09615215207022638
1.5912441652422733,-0.4327277178065425,-0.020640140144611942,0.2095465427955681,-0.9607488766623921,0.14998634568994915
0.298803475396687,-0.368750692925028,0.33137018236676496,0.11045951557359084,0.45306217929564296,-0.38835559050727797
-1.4072182351994869,-0.3184830305181237,0.9289691019791024,0.051007299240403765,1.2306582600725622,-0.08688410623683077
0.867477378928745,-0.33219239299273395,-0.8802002299979741,0.189729137351173,-0.1831527958854725,-0.16225197730444263
0.6219136478580836,2.944345238439116,-0.3644641760859568,0.4869902190171048,-1.1021299822581954,-0.2268530096481099
0.6994600892488188,-0.07171450597513919,1.109067406519807,0.16991173190677614,0.3823716264977412,0.21458737803361635
-1.1616545041288255,-0.350471542958881,-0.19255215811528437,0.24918135368435831,0.24099052090193757,0.34378944272095086
-1.2392009455195605,-0.3184830305181237,0.33137018236676496,-0.5038800532026714,0.028918862508232914,0.06385163589839285
-1.2392009455195605,3.2459512128805414,-0.6264253463269814,1.2004168150153427,-0.607296112672883,-0.1407182998565535
-0.7609978902766937,-0.368750692925028,-0.6264253463269814,0.5266250299058968,0.09960941530613472,-0.09765094496077532
1.5136977238515381,-0.2910643055689032,-0.10250300584493215,-0.12734934975915568,-0.39522445427917796,-0.5606250100903907
-0.6705270419875027,-0.4098787803488587,0.06940901212574029,0.11045951557359084,-1.2435110878539988,0.07461847462233728
1.2681339927808768,-0.18138940577202123,0.5851450660377576,-0.16698416064794763,-0.8900583238644902,0.06385163589839285
0.13078618571676082,-0.3184830305181237,0.06940901212574029,-0.42461043142508925,-1.2435110878539988,0.27918841037728365
-0.6705270419875027,-0.149400893331264,-1.232210552509351,-0.8209585403130001,-0.1831527958854725,-0.19455249347627623
-0.11477754535390057,-0.2819247305858297,-0.7082882120273016,-0.9002281620905823,-1.3142016406519006,0.08538531334628184
-1.5623111179809572,-0.33219239299273395,-0.5363761940566293,-0.028262322537178405,0.7358243904872502,0.3868567976167291
-0.4378877178152971,-0.3413319679758075,1.0190182542494546,-0.8209585403130001,-1.5969638518435076,-0.3560550743354444
0.9450238203194802,-0.3093434555350502,-0.7983373642976539,0.36808578635073247,0.24099052090193757,-0.1407182998565535
0.22125703400595184,-0.3002038805519767,0.8471062362787822,0.16991173190677614,-0.39522445427917796,-0.5606250100903907
-1.0841080627380904,-0.3915996303827117,-1.4859854361803437,-0.16698416064794763,-1.1728205350560972,-0.03304991261710812
-2.05343858012228,-0.24993621814507247,0.33137018236676496,-0.741688918535418,-1.8090355102372129,0.48375834613223
-0.3474168695261061,-0.2819247305858297,0.5032822003374374,-0.18680156609234275,0.5944432848914466,-0.011516235169219017
-1.0065616213473552,-0.3915996303827117,0.33137018236676496,-0.44442783686948434,-1.5262732990456058,-0.24838668709599893
0.3763499167874222,-0.240796643161999,-1.3140734182096712,0.38790319179512756,-0.4659150070770798,0.14998634568994915
-1.4072182351994869,-0.3093434555350502,-0.3644641760859568,0.16991173190677614,0.24099052090193757,-0.32375455816361076
-0.5929806005967675,-0.3596111179419545,0.33137018236676496,-0.028262322537178405,0.3823716264977412,-0.3560550743354444
-0.3474168695261061,-0.4098787803488587,0.33137018236676496,0.16991173190677614,-0.8900583238644902,0.2253542167575609
-0.5929806005967675,-0.2819247305858297,0.33137018236676496,-0.7813237294242081,-1.0314394294602935,0.5914267333716753
-0.5154341592060323,-0.3413319679758075,-0.7983373642976539,0.2293639482399632,0.3116810736998394,0.07461847462233728
0.6994600892488188,-0.08085408095821274,-0.6264253463269814,2.8452614669001712,-1.1021299822581954,-0.1407182998565535
-0.4378877178152971,-0.38246005539963823,2.4925498368552184,-0.2660711878699249,1.654801576859973,-0.011516235169219017
0.22125703400595184,-0.3002038805519767,-1.0521122479686464,0.5860772462390821,0.24099052090193757,-0.24838668709599893
-2.05343858012228,-0.33219239299273395,1.2809794244904793,-0.10753194431476058,-0.7486772182686866,0.4083904750646182
-0.5154341592060323,-0.33219239299273395,-0.446327041786277,0.051007299240403765,-0.8900583238644902,-0.3560550743354444
0.13078618571676082,2.848379701116844,2.574412702555539,0.7644338952386432,-0.6779866654707848,0.48375834613223
0.9450238203194802,-0.2910643055689032,-0.6264253463269814,0.16991173190677614,0.028918862508232914,-0.3560550743354444
0.9450238203194802,-0.03058641855130842,-0.8802002299979741,-0.2660711878699249,0.7358243904872502,0.27918841037728365
-1.2392009455195605,-0.2910643055689032,0.41323304806708516,0.15009432646238105,-0.6779866654707848,0.3760899588927845
-0.6705270419875027,3.6480925121357757,0.33137018236676496,-0.04807972798157351,-0.8900583238644902,-0.03304991261710812
-2.699658925045073,-0.3413319679758075,-1.0521122479686464,0.11045951557359084,-0.8900583238644902,0.4945251848561746
1.0225702617102153,-0.04886556851745544,-0.3644641760859568,-0.761506323979813,-0.2538433486833743,0.27918841037728365
-0.6705270419875027,-0.2910643055689032,-0.5363761940566293,0.03118989379600866,-0.1124622430875707,-0.03304991261710812
-0.11477754535390057,-0.4007392053657853,1.2809794244904793,-0.6029670804246487,0.3116810736998394,0.27918841037728365
-0.11477754535390057,4.548340647968516,1.7148526127021764,-0.16698416064794763,0.3116810736998394,0.27918841037728365
0.5443672064673484,0.0014020938894487992,0.41323304806708516,-0.6624192967578357,0.6651338376893484,-0.5606250100903907
1.345680434171612,-0.4007392053657853,0.6751942183081098,-0.22643637698113295,0.45306217929564296,0.17152002313783826
0.4538963581781574,-0.3413319679758075,-0.7983373642976539,0.38790319179512756,-0.4659150070770798,-0.4744903002988344
0.298803475396687,-0.10827280590743323,-0.7983373642976539,0.7644338952386432,-1.3142016406519006,0.17152002313783826
1.436151282460803,-0.07171450597513919,-0.6264253463269814,-0.9794977838681644,-0.4659150070770798,0.6990951206111209
1.5136977238515381,-0.3093434555350502,0.8471062362787822,0.7644338952386432,-0.1124622430875707,-0.32375455816361076
-0.4378877178152971,-0.3413319679758075,1.7967154784024966,-0.028262322537178405,-0.5366055598749816,-0.34528823561149985
-2.3765487525836764,-0.2819247305858297,-0.020640140144611942,-0.22643637698113295,0.5237527320935448,0.27918841037728365
-2.2990023111929414,-0.460146442755763,0.06940901212574029,0.36808578635073247,-0.1124622430875707,-0.5606250100903907
0.7770065306395539,-0.09913323092435967,-0.7082882120273016,0.2095465427955681,0.028918862508232914,0.06385163589839285
-0.8385443316674289,-0.350471542958881,0.5032822003374374,-0.6624192967578357,-1.6676544046414095,0.27918841037728365
0.22125703400595184,-0.24993621814507247,-0.10250300584493215,-0.5435148640914617,-0.5366055598749816,-0.03304991261710812
-1.0841080627380904,-0.3915996303827117,-0.446327041786277,-0.028262322537178405,-0.1124622430875707,0.06385163589839285
0.22125703400595184,-0.24993621814507247,-0.10250300584493215,-0.5435148640914617,-0.5366055598749816,-0.5606250100903907
0.5443672064673484,0.06994890626250005,-1.4041225704800233,-0.9596803784237676,-0.32453390148127614,-0.1407182998565535
-0.19232398674463574,-0.4327277178065425,0.5032822003374374,-0.22643637698113295,1.5134204712641695,-0.3560550743354444
0.9450238203194802,-0.08085408095821274,-1.232210552509351,-0.42461043142508925,-0.7486772182686866,-0.3560550743354444
-0.3474168695261061,-0.3184830305181237,0.33137018236676496,-0.9200455675349773,-1.1728205350560972,0.06385163589839285
0.3763499167874222,0.12935614365247783,-0.3644641760859568,0.7842513006830384,-0.607296112672883,0.48375834613223
1.1130411099994064,-0.3002038805519767,-0.27441502381560456,-0.028262322537178405,0.9478960488809557,0.27918841037728365
-0.5154341592060323,-0.350471542958881,1.0190182542494546,-0.5435148640914617,-0.1124622430875707,0.17152002313783826
-1.0065616213473552,-0.4190183553319322,-1.4041225704800233,0.16991173190677614,-1.455582746247704,0.17152002313783826
1.5136977238515381,-0.07171450597513919,-0.7983373642976539,1.7553041674584196,-0.04177169028966889,-0.45295662285094523
-1.8983456973408095,-0.350471542958881,0.5032822003374374,0.38790319179512756,0.8772054960830539,0.44069099123645183
-0.5154341592060323,-0.33219239299273395,0.6751942183081098,1.1607820041265524,-1.5969638518435076,-0.5606250100903907
-2.8676762147249995,-0.44186729278961595,-1.3140734182096712,0.40772059723952264,0.028918862508232914,-0.24838668709599893
1.345680434171612,-0.3413319679758075,0.41323304806708516,-0.028262322537178405,-1.2435110878539988,-0.34528823561149985
0.298803475396687,4.548340647968516,1.2809794244904793,-0.325523404203112,-1.1021299822581954,-0.03304991261710812
-1.8078748490516185,-0.2819247305858297,0.9289691019791024,-0.16698416064794763,-0.8193677710665884,0.1392195069660046
1.2681339927808768,-0.3915996303827117,0.41323304806708516,0.36808578635073247,0.7358243904872502,0.06385163589839285
0.9450238203194802,2.2451677522339932,-1.5760345884506959,0.189729137351173,-0.8900583238644902,0.48375834613223
0.13078618571676082,-0.2682153681112195,-0.27441502381560456,-0.22643637698113295,-0.7486772182686866,0.17152002313783826
-0.5154341592060323,-0.17224983078894776,-0.8802002299979741,-0.44442783686948434,1.9375637880515795,-0.0007493964452744652
-0.11477754535390057,-0.3093434555350502,-0.3644641760859568,-0.20661897153673786,2.3617071048389904,-0.3560550743354444
0.4538963581781574,-0.2088081307212417,-0.6264253463269814,0.5662598407946869,-0.8193677710665884,0.17152002313783826
1.6817150135314642,-0.2910643055689032,0.41323304806708516,-0.028262322537178405,0.5237527320935448,-0.32375455816361076
-2.1309850215130153,-0.3184830305181237,0.06940901212574029,0.189729137351173,-0.5366055598749816,-0.12995146113260897
1.345680434171612,-0.17224983078894776,1.0190182542494546,0.8833383279050157,-0.2538433486833743,-0.3560550743354444
0.6994600892488188,-0.368750692925028,-1.4041225704800233,1.1607820041265524,0.8772054960830539,-0.24838668709599893
0.867477378928745,-0.2819247305858297,0.75705708400843,-1.0191325947569547,-0.5366055598749816,0.06385163589839285
-0.5929806005967675,-0.2682153681112195,0.5851450660377576,-0.8011411348686033,-1.1728205350560972,-0.45295662285094523
-0.4378877178152971,-0.3915996303827117,-0.3644641760859568,-0.9200455675349773,-1.2435110878539988,-0.3560550743354444
-0.5929806005967675,-0.3184830305181237,-0.27441502381560456,0.38790319179512756,-0.4659150070770798,-0.12995146113260897
-0.916090773058164,-0.38246005539963823,-0.446327041786277,4.866636822228518,-1.3848921934498024,0.17152002313783826
-0.3474168695261061,-0.3915996303827117,-0.3644641760859568,-0.16698416064794763,0.8772054960830539,-0.5390913326425016
0.6219136478580836,-0.2819247305858297,0.8471062362787822,0.32845097546194046,-0.2538433486833743,-0.0007493964452744652
-0.11477754535390057,-0.3413319679758075,0.5851450660377576,0.36808578635073247,-0.1124622430875707,0.27918841037728365
0.053239744326025636,-0.4007392053657853,-1.8298094721216884,0.03118989379600866,-0.04177169028966889,0.27918841037728365
1.0225702617102153,-0.3184830305181237,-0.5363761940566293,1.1607820041265524,1.5134204712641695,-0.2268530096481099
-0.5154341592060323,-0.3184830305181237,-0.446327041786277,0.24918135368435831,-0.7486772182686866,-0.24838668709599893
0.5443672064673484,-0.3184830305181237,1.7148526127021764,1.1607820041265524,-1.2435110878539988,-0.03304991261710812
0.22125703400595184,-0.38246005539963823,1.1909302722201272,0.16991173190677614,-1.5262732990456058,0.06385163589839285
0.867477378928745,-0.3002038805519767,0.6751942183081098,0.7644338952386432,0.24099052090193757,-0.1407182998565535
-1.0065616213473552,-0.2910643055689032,-1.0521122479686464,0.7644338952386432,0.24099052090193757,0.48375834613223
0.3763499167874222,0.17048423107630853,0.75705708400843,-0.0678971334259686,1.0892771544767585,-0.3560550743354444
0.3763499167874222,-0.2682153681112195,-0.10250300584493215,0.011372488351611799,-0.1831527958854725,0.06385163589839285
-0.4378877178152971,3.849163161763393,-1.1421614002389988,-0.3453408096475071,1.9375637880515795,0.27918841037728365
0.6994600892488188,-0.2910643055689032,1.886764630672849,0.16991173190677614,-1.3142016406519006,0.27918841037728365
-0.5929806005967675,-0.350471542958881,-0.5363761940566293,-0.5633322695358567,-1.5262732990456058,-0.1407182998565535
0.4538963581781574,-0.2819247305858297,-0.3644641760859568,-0.16698416064794763,0.5237527320935448,0.1392195069660046
-0.26987042813537093,3.447021862508159,-0.6264253463269814,-0.28588859331432004,0.5237527320935448,-0.1407182998565535
1.5136977238515381,-0.350471542958881,-0.446327041786277,-0.028262322537178405,0.028918862508232914,25.172119540137068
-0.6705270419875027,-0.3184830305181237,-0.446327041786277,-0.028262322537178405,0.6651338376893484,-0.5067908164706679
0.6994600892488188,-0.3413319679758075,0.06940901212574029,-0.10753194431476058,-0.8900583238644902,0.07461847462233728
0.298803475396687,-0.10827280590743323,-0.7983373642976539,-0.08771453887036547,-1.3142016406519006,0.17152002313783826
-0.7609978902766937,-0.240796643161999,-0.446327041786277,-0.3849756205362973,-0.39522445427917796,-0.03304991261710812
1.5136977238515381,-0.33219239299273395,1.1909302722201272,-0.028262322537178405,-0.8900583238644902,0.27918841037728365
-0.02430669706470954,-0.4007392053657853,-0.27441502381560456,-0.44442783686948434,0.5944432848914466,-0.011516235169219017
0.22125703400595184,-0.3093434555350502,-0.27441502381560456,0.16991173190677614,0.6651338376893484,-0.3560550743354444
-1.3296717938087517,-0.4327277178065425,-1.4041225704800233,0.38790319179512756,1.1599677072746604,-0.24838668709599893
0.5443672064673484,-0.2819247305858297,0.06940901212574029,-0.12734934975915568,-0.39522445427917796,-0.3560550743354444
-0.11477754535390057,-0.2088081307212417,1.0190182542494546,-0.4642452423138795,0.24099052090193757,-0.37758875178333345
0.298803475396687,2.546773726675419,-0.7983373642976539,-0.008444917092783303,1.0892771544767585,0.5914267333716753
-0.6705270419875027,-0.3596111179419545,2.0586766486435213,-0.028262322537178405,-0.1124622430875707,0.06385163589839285
-0.26987042813537093,-0.38246005539963823,1.1909302722201272,-0.22643637698113295,0.09960941530613472,-0.3560550743354444
-0.3474168695261061,-0.33219239299273395,0.06940901212574029,0.9626079496825979,-1.1728205350560972,0.17152002313783826
0.4538963581781574,-0.4098787803488587,1.3628422901907995,0.5662598407946869,-0.7486772182686866,-0.5606250100903907
1.0225702617102153,-0.4190183553319322,0.41323304806708516,0.16991173190677614,1.9375637880515795,-0.03304991261710812
-0.8385443316674289,-0.4327277178065425,0.5032822003374374,0.2095465427955681,-0.1831527958854725,-0.16225197730444263
0.3763499167874222,0.04253018131327957,-0.5363761940566293,-0.42461043142508925,0.5944432848914466,0.27918841037728365
-0.4378877178152971,-0.2819247305858297,-0.5363761940566293,-0.325523404203112,-1.3142016406519006,0.48375834613223
1.436151282460803,-0.2819247305858297,0.1512718778260605,1.1607820041265524,-0.6779866654707848,-0.17301881602838712
0.22125703400595184,-0.18138940577202123,-0.446327041786277,0.7049816789054563,0.806514943285152,-0.24838668709599893
-0.6705270419875027,-0.2819247305858297,-0.3644641760859568,-0.14716675520355077,-1.738344957439311,0.27918841037728365
1.1130411099994064,-0.350471542958881,-1.4041225704800233,0.03118989379600866,0.5237527320935448,-0.2591535258199435
0.6219136478580836,-0.17224983078894776,1.1909302722201272,-0.8605933512017904,1.301348812870464,-0.054583590064997224
-0.3474168695261061,-0.3413319679758075,2.312451532314514,-0.028262322537178405,-0.04177169028966889,0.14998634568994915
-0.5929806005967675,-0.2682153681112195,0.33137018236676496,-0.6227844858690438,0.8772054960830539,-0.1407182998565535
1.5136977238515381,-0.3413319679758075,-0.8802002299979741,0.7644338952386432,0.17029996810403575,-0.11918462240866443
1.1130411099994064,-0.33219239299273395,0.41323304806708516,-0.22643637698113295,0.806514943285152,-0.17301881602838712
1.1130411099994064,-0.17224983078894776,-0.446327041786277,-0.16698416064794763,1.301348812870464,-0.1407182998565535
-0.5929806005967675,2.7478443763030356,-0.3644641760859568,-0.3651582150919022,0.09960941530613472,-0.24838668709599893
1.1905875513901416,-0.2819247305858297,0.41323304806708516,-0.028262322537178405,-1.6676544046414095,0.03155111972655919
-0.5154341592060323,-0.3413319679758075,-0.446327041786277,0.07082470468479887,0.17029996810403575,0.2253542167575609
0.298803475396687,-0.2910643055689032,-0.446327041786277,0.07082470468479887,-0.1124622430875707,-0.3560550743354444
0.13078618571676082,-0.2682153681112195,-0.9702493822683264,-0.028262322537178405,-0.1831527958854725,0.17152002313783826
1.1905875513901416,0.3030080683308744,-0.3644641760859568,0.4275380026839195,0.7358243904872502,0.27918841037728365
-2.05343858012228,-0.3184830305181237,-0.446327041786277,-0.028262322537178405,1.5134204712641695,-0.5606250100903907
-0.19232398674463574,-0.2910643055689032,-0.7082882120273016,-0.6029670804246487,-1.8090355102372129,0.17152002313783826
0.298803475396687,-0.2910643055689032,-1.657897454151016,-0.20661897153673786,0.5944432848914466,0.14998634568994915
0.6219136478580836,-0.08999365594128621,-0.7082882120273016,-0.6227844858690438,-1.2435110878539988,-0.24838668709599893
-1.0841080627380904,-0.3184830305181237,-1.1421614002389988,0.2095465427955681,0.8772054960830539,-0.16225197730444263
-0.3474168695261061,-0.4510068677726895,-0.7983373642976539,0.36808578635073247,-0.1831527958854725,0.17152002313783826
1.7592614549221994,4.749411297596133,1.3628422901907995,1.1607820041265524,0.3823716264977412,0.03155111972655919
1.436151282460803,-0.09913323092435967,0.9289691019791024,-0.42461043142508925,-0.1124622430875707,-0.12995146113260897
-0.19232398674463574,-0.38246005539963823,-0.8802002299979741,-0.08771453887036547,0.5944432848914466,-0.45295662285094523
1.0225702617102153,-0.3184830305181237,0.9289691019791024,1.358956058570507,-0.32453390148127614,-0.054583590064997224
-1.3296717938087517,-0.33219239299273395,-1.5760345884506959,0.03118989379600866,1.301348812870464,0.2899552491012282
0.6994600892488188,4.447805323154706,-0.10250300584493215,-0.028262322537178405,-0.04177169028966889,-0.20531933220022078
0.3763499167874222,-0.3002038805519767,-0.5363761940566293,0.7644338952386432,0.45306217929564296,-0.2268530096481099
-0.02430669706470954,-0.3915996303827117,-1.7479466064213682,0.189729137351173,1.1599677072746604,-0.4098892679551671
1.1130411099994064,-0.149400893331264,-0.7082882120273016,0.2888161645731503,0.7358243904872502,0.06385163589839285
0.6994600892488188,-0.23165706817892545,0.1512718778260605,1.1607820041265524,-1.1728205350560972,-0.5606250100903907
1.1130411099994064,-0.33219239299273395,0.5032822003374374,0.16991173190677614,-0.2538433486833743,-0.03304991261710812
0.13078618571676082,-0.3184830305181237,-0.446327041786277,-0.08771453887036547,-0.39522445427917796,0.3868567976167291
0.867477378928745,-0.1905289807550947,1.4528914424611519,-0.9596803784237676,-1.1021299822581954,0.48375834613223
0.5443672064673484,-0.4007392053657853,0.9289691019791024,-0.028262322537178405,0.8772054960830539,-0.03304991261710812
0.5443672064673484,0.0014020938894487992,0.41323304806708516,-0.42461043142508925,0.6651338376893484,0.48375834613223
-0.5154341592060323,-0.3915996303827117,-2.091770642362713,0.2095465427955681,-0.6779866654707848,0.14998634568994915
1.0225702617102153,-0.17224983078894776,0.9289691019791024,0.7644338952386432,-1.0314394294602935,-0.1407182998565535
-1.0065616213473552,-0.3915996303827117,-1.3140734182096712,0.11045951557359084,-0.9607488766623921,0.03155111972655919
0.13078618571676082,-0.13112174336511698,-0.5363761940566293,-0.22643637698113295,1.301348812870464,-0.5606250100903907
-0.6705270419875027,-0.23165706817892545,0.33137018236676496,0.13027692101798594,1.5134204712641695,0.27918841037728365
0.22125703400595184,-0.3093434555350502,0.33137018236676496,0.7644338952386432,-0.39522445427917796,0.03155111972655919
0.7770065306395539,-0.2682153681112195,2.0586766486435213,-0.22643637698113295,0.5944432848914466,0.11768582951811549
-0.4378877178152971,-0.44186729278961595,0.8471062362787822,-0.5435148640914617,-0.4659150070770798,0.06385163589839285
-0.5154341592060323,2.7478443763030356,1.534754308161472,-0.20661897153673786,0.17029996810403575,0.48375834613223
-0.19232398674463574,-0.2088081307212417,-0.3644641760859568,-0.12734934975915568,-1.1021299822581954,0.03155111972655919
0.6219136478580836,-0.33219239299273395,-0.7082882120273016,0.189729137351173,-0.9607488766623921,0.48375834613223
-2.05343858012228,-0.350471542958881,0.33137018236676496,-0.16698416064794763,-0.1831527958854725,-0.09765094496077532
-0.6705270419875027,-0.350471542958881,-0.8802002299979741,-0.0678971334259686,-1.2435110878539988,-0.5067908164706679
-0.26987042813537093,-0.1905289807550947,0.9289691019791024,-0.9200455675349773,-0.4659150070770798,-0.2268530096481099
-0.5154341592060323,2.848379701116844,0.5032822003374374,-0.18680156609234275,-0.8900583238644902,0.17152002313783826
0.6994600892488188,-0.08085408095821274,-0.6264253463269814,1.3391386531261118,0.17029996810403575,-0.3560550743354444
0.13078618571676082,-0.460146442755763,0.06940901212574029,-0.8209585403130001,1.4427299184662676,0.06385163589839285
-2.2990023111929414,-0.350471542958881,-0.27441502381560456,-0.008444917092783303,-0.607296112672883,0.17152002313783826
-0.5929806005967675,3.447021862508159,-0.3644641760859568,-0.16698416064794763,-0.1124622430875707,0.17152002313783826
0.9450238203194802,-0.2682153681112195,-0.9702493822683264,0.8437035170162255,1.0185866016788567,0.3868567976167291
-2.2990023111929414,2.7478443763030356,-0.3644641760859568,0.40772059723952264,0.09960941530613472,-0.03304991261710812
-0.3474168695261061,-0.24993621814507247,-1.3140734182096712,0.011372488351611799,2.078944893647383,-0.5606250100903907
-1.4072182351994869,-0.2910643055689032,1.9686274963731691,0.07082470468479887,-1.5262732990456058,0.17152002313783826
-0.26987042813537093,-0.24993621814507247,-0.6264253463269814,-0.16698416064794763,1.1599677072746604,0.27918841037728365
0.3763499167874222,3.6480925121357757,-0.10250300584493215,-0.08771453887036547,-0.9607488766623921,-0.1407182998565535
-0.8385443316674289,-0.3184830305181237,-0.8802002299979741,0.11045951557359084,-0.1124622430875707,0.17152002313783826
0.6219136478580836,-0.4098787803488587,-0.5363761940566293,-0.3453408096475071,-0.607296112672883,0.1392195069660046
-0.19232398674463574,-0.25907579312814594,1.3628422901907995,-0.028262322537178405,-1.2435110878539988,-0.2268530096481099
0.3763499167874222,-0.23165706817892545,-0.10250300584493215,-0.9398629729793725,1.3720393656683658,-0.4098892679551671
-0.26987042813537093,4.050233811391009,0.9289691019791024,1.3391386531261118,0.5944432848914466,0.06385163589839285
1.1130411099994064,-0.350471542958881,-0.6264253463269814,0.40772059723952264,1.9375637880515795,0.17152002313783826
1.436151282460803,-0.19966855573816825,0.8471062362787822,-0.9993151893125596,-1.5969638518435076,0.06385163589839285
-0.4378877178152971,-0.08999365594128621,0.41323304806708516,0.5662598407946869,-3.152156013397346,-0.11918462240866443
0.053239744326025636,-0.2910643055689032,0.33137018236676496,0.16991173190677614,1.2306582600725622,0.06385163589839285
-0.02430669706470954,-0.3596111179419545,1.2809794244904793,0.5662598407946869,0.3116810736998394,-0.5606250100903907
0.6219136478580836,-0.3413319679758075,-0.5363761940566293,-0.20661897153673786,-1.3848921934498024,-0.1407182998565535
0.6219136478580836,0.0014020938894487992,0.9289691019791024,1.7553041674584196,-1.1728205350560972,-0.24838668709599893
0.6219136478580836,-0.08999365594128621,-0.7082882120273016,-0.7813237294242081,-1.2435110878539988,-0.45295662285094523
-0.5154341592060323,2.848379701116844,-0.27441502381560456,0.011372488351611799,1.0185866016788567,0.06385163589839285
-0.5154341592060323,-0.3413319679758075,0.33137018236676496,-0.7813237294242081,-1.5969638518435076,-0.45295662285094523
-2.9452226561157344,-0.4190183553319322,1.7148526127021764,-0.2660711878699249,-1.8090355102372129,0.4729915074082855
-0.02430669706470954,-0.240796643161999,-0.8802002299979741,0.13027692101798594,1.8668732352536783,0.23612105548150544
1.1905875513901416,-0.3184830305181237,0.1512718778260605,0.5266250299058968,1.301348812870464,-0.5606250100903907
1.345680434171612,-0.007737481093624669,0.5032822003374374,0.605894651683479,-1.2435110878539988,-0.24838668709599893
-0.6705270419875027,-0.3413319679758075,1.2809794244904793,-0.42461043142508925,-1.3142016406519006,-0.5606250100903907
1.2681339927808768,-0.4098787803488587,-0.8802002299979741,0.32845097546194046,0.45306217929564296,0.06385163589839285
0.7770065306395539,-0.2819247305858297,-3.990989126610142,-0.04807972798157351,2.078944893647383,0.07461847462233728
-0.11477754535390057,-0.350471542958881,-1.4041225704800233,0.051007299240403765,-0.8193677710665884,0.1822868618617828
1.1905875513901416,-0.350471542958881,0.5032822003374374,0.9626079496825979,0.45306217929564296,-0.0007493964452744652
-1.3296717938087517,-0.2819247305858297,0.41323304806708516,-0.12734934975915568,-0.1124622430875707,0.20382053930967192
-0.5929806005967675,-0.350471542958881,-0.19255215811528437,-0.8804107566461854,-2.021107168630918,-0.5606250100903907
-2.1309850215130153,-0.3184830305181237,1.1909302722201272,-0.6624192967578357,-0.6779866654707848,0.27918841037728365
-0.5929806005967675,-0.4190183553319322,0.06940901212574029,0.16991173190677614,-0.1124622430875707,-0.24838668709599893
1.2681339927808768,-0.03972599353438197,-0.446327041786277,0.6653468680166643,-1.1728205350560972,-0.5606250100903907
1.1130411099994064,-0.03058641855130842,-0.7983373642976539,0.2095465427955681,-0.2538433486833743,-0.03304991261710812
-0.5929806005967675,-0.3915996303827117,1.3628422901907995,-0.5633322695358567,0.5237527320935448,-0.1407182998565535
0.298803475396687,-0.2682153681112195,-0.10250300584493215,-0.22643637698113295,0.8772054960830539,0.2899552491012282
-0.5154341592060323,-0.3915996303827117,-1.232210552509351,0.051007299240403765,0.3116810736998394,-0.3560550743354444
0.053239744326025636,-0.17224983078894776,0.24132103009641273,-0.22643637698113295,-0.8900583238644902,-0.03304991261710812
0.867477378928745,-0.14026131834819044,-0.19255215811528437,-0.22643637698113295,-1.6676544046414095,-0.2268530096481099
1.1130411099994064,-0.3413319679758075,-0.6264253463269814,-0.028262322537178405,-0.4659150070770798,-0.5606250100903907
0.7770065306395539,-0.3413319679758075,0.33137018236676496,-0.12734934975915568,1.654801576859973,-0.1407182998565535
-0.6705270419875027,-0.3915996303827117,-0.5363761940566293,-0.5038800532026714,1.0892771544767585,-0.24838668709599893
1.436151282460803,-0.17224983078894776,1.3628422901907995,-0.42461043142508925,0.5237527320935448,-0.0007493964452744652
0.053239744326025636,-0.3596111179419545,-0.446327041786277,-0.028262322537178405,0.5944432848914466,-0.24838668709599893
0.867477378928745,-0.2910643055689032,1.1909302722201272,0.5662598407946869,0.45306217929564296,0.27918841037728365
-0.5154341592060323,3.6480925121357757,-0.446327041786277,-0.5633322695358567,-0.39522445427917796,-0.24838668709599893
1.1130411099994064,-0.2682153681112195,-1.1421614002389988,0.9626079496825979,-1.3848921934498024,0.06385163589839285
-0.5154341592060323,-0.2682153681112195,-0.3644641760859568,-0.14716675520355077,-0.9607488766623921,0.27918841037728365
-1.484764676590222,-0.350471542958881,-1.4041225704800233,0.38790319179512756,0.45306217929564296,-0.03304991261710812
1.1130411099994064,-0.3596111179419545,1.886764630672849,-0.6227844858690438,-1.6676544046414095,-0.2591535258199435
0.298803475396687,-0.24993621814507247,-0.19255215811528437,0.26899875912875515,-0.7486772182686866,0.09615215207022638
-0.26987042813537093,-0.460146442755763,2.1405395143438417,0.5662598407946869,-1.5969638518435076,-0.054583590064997224
1.1130411099994064,-0.007737481093624669,0.06940901212574029,-0.16698416064794763,0.45306217929564296,0.27918841037728365
-1.8983456973408095,-0.2819247305858297,1.4528914424611519,0.16991173190677614,0.3116810736998394,-0.5606250100903907
1.0225702617102153,-0.08085408095821274,-0.3644641760859568,-0.9993151893125596,-0.8900583238644902,-0.45295662285094523
1.2681339927808768,-0.03972599353438197,-0.446327041786277,0.6653468680166643,-1.1728205350560972,-0.5606250100903907
1.345680434171612,-0.007737481093624669,0.5032822003374374,0.16991173190677614,-1.2435110878539988,0.48375834613223
1.0225702617102153,-0.350471542958881,-0.10250300584493215,0.5662598407946869,1.9375637880515795,0.48375834613223
0.9450238203194802,2.345703077047802,0.24132103009641273,-0.028262322537178405,-0.1831527958854725,-0.1407182998565535
1.436151282460803,-0.350471542958881,-0.10250300584493215,1.557130113014465,-1.5262732990456058,-0.03304991261710812
0.9450238203194802,-0.3596111179419545,0.8471062362787822,0.9626079496825979,-0.1831527958854725,-0.29145404199177716
0.9450238203194802,-0.48299538021344673,0.06940901212574029,-0.22643637698113295,-1.455582746247704,-0.11918462240866443
-0.5154341592060323,-0.350471542958881,-1.4041225704800233,0.16991173190677614,1.1599677072746604,0.06385163589839285
1.436151282460803,-0.240796643161999,-1.0521122479686464,0.15009432646238105,1.0185866016788567,0.48375834613223
-1.2392009455195605,-0.3002038805519767,-0.9702493822683264,-0.18680156609234275,0.5237527320935448,-0.3560550743354444
1.1130411099994064,0.019681243855595817,-0.6264253463269814,1.4778604912368811,-0.4659150070770798,0.5914267333716753
-0.7609978902766937,-0.4327277178065425,-0.3644641760859568,0.16991173190677614,1.3720393656683658,-0.45295662285094523
1.6817150135314642,-0.3002038805519767,0.8471062362787822,0.5662598407946869,0.028918862508232914,0.25765473292939456
-0.02430669706470954,-0.03058641855130842,-0.8802002299979741,-0.9993151893125596,0.6651338376893484,0.27918841037728365
1.1905875513901416,-0.15854046831433746,1.0190182542494546,1.557130113014465,0.8772054960830539,-0.32375455816361076
-1.9758921387315447,-0.44186729278961595,0.5032822003374374,-0.3849756205362973,-1.5969638518435076,-0.5606250100903907
-0.5929806005967675,-0.2819247305858297,1.6248034604318242,-0.0678971334259686,1.8668732352536783,-0.45295662285094523
0.3763499167874222,-0.2682153681112195,-1.3140734182096712,-0.8209585403130001,0.24099052090193757,0.5914267333716753
0.3763499167874222,-0.149400893331264,-0.19255215811528437,-0.028262322537178405,-1.3848921934498024,-0.24838668709599893
-2.05343858012228,-0.33219239299273395,1.2809794244904793,-0.8804107566461854,-1.8797260630351145,-0.1407182998565535
0.053239744326025636,-0.18138940577202123,-0.7082882120273016,-0.42461043142508925,0.3116810736998394,0.27918841037728365
0.6219136478580836,-0.44186729278961595,-1.4041225704800233,0.16991173190677614,-0.8193677710665884,0.27918841037728365
-1.484764676590222,-0.2910643055689032,-0.5363761940566293,-0.028262322537178405,-0.2538433486833743,0.17152002313783826
-1.484764676590222,-0.2819247305858297,-0.446327041786277,0.2095465427955681,-0.8193677710665884,0.1392195069660046
-0.02430669706470954,-0.38246005539963823,-0.020640140144611942,-0.18680156609234275,0.24099052090193757,-0.4098892679551671
1.1905875513901416,-0.3184830305181237,1.3628422901907995,0.16991173190677614,0.028918862508232914,0.06385163589839285
1.0225702617102153,-0.1905289807550947,0.06940901212574029,0.7247990843498513,1.1599677072746604,-0.5606250100903907
-0.5154341592060323,-0.3413319679758075,1.0190182542494546,-0.028262322537178405,0.3116810736998394,-0.20531933220022078
0.6219136478580836,-0.12198216838204343,1.6248034604318242,0.16991173190677614,0.09960941530613472,0.06385163589839285
-0.5929806005967675,-0.44186729278961595,-0.020640140144611942,-0.028262322537178405,-0.1124622430875707,-0.1407182998565535
-0.5929806005967675,-0.24993621814507247,-0.3644641760859568,-0.9993151893125596,-0.5366055598749816,0.06385163589839285
0.298803475396687,-0.3002038805519767,0.9289691019791024,-0.028262322537178405,-0.6779866654707848,-0.03304991261710812
-0.4378877178152971,-0.3184830305181237,-0.19255215811528437,-0.702054107646626,-1.738344957439311,-0.5606250100903907
0.22125703400595184,-0.3002038805519767,-0.9702493822683264,-0.6227844858690438,-1.5262732990456058,0.27918841037728365
0.22125703400595184,-0.3093434555350502,-0.9702493822683264,-0.6227844858690438,-1.3142016406519006,-0.32375455816361076
0.3763499167874222,-0.2819247305858297,-0.7983373642976539,-0.3453408096475071,-0.1124622430875707,0.10691899079417094
0.5443672064673484,-0.4007392053657853,-1.3140734182096712,0.24918135368435831,0.17029996810403575,0.10691899079417094
-0.8385443316674289,-0.3093434555350502,-0.446327041786277,0.40772059723952264,0.09960941530613472,0.21458737803361635
0.6994600892488188,-0.33219239299273395,-1.0521122479686464,0.7644338952386432,-0.5366055598749816,0.48375834613223
1.1905875513901416,-0.3184830305181237,-0.19255215811528437,-0.6227844858690438,2.3617071048389904,0.17152002313783826
0.298803475396687,-0.05800514350052899,-0.6264253463269814,-0.3849756205362973,0.9478960488809557,-0.03304991261710812
0.6219136478580836,-0.2682153681112195,1.4528914424611519,-0.20661897153673786,-0.4659150070770798,0.3760899588927845
0.298803475396687,-0.12198216838204343,2.312451532314514,-0.22643637698113295,-0.607296112672883,0.5914267333716753
0.6219136478580836,-0.4098787803488587,-0.7082882120273016,-1.0191325947569547,-0.9607488766623921,-0.1407182998565535
0.3763499167874222,2.4462384018616103,-1.657897454151016,0.26899875912875515,-0.1124622430875707,0.06385163589839285
-0.8385443316674289,-0.3093434555350502,0.06940901212574029,-0.10753194431476058,-0.1124622430875707,-0.3560550743354444
-0.916090773058164,-0.44186729278961595,-0.020640140144611942,-0.721871513091021,-1.5969638518435076,-0.24838668709599893
0.6994600892488188,-0.350471542958881,1.109067406519807,-0.44442783686948434,-0.8193677710665884,-0.1407182998565535
-2.3765487525836764,-0.3915996303827117,-0.3644641760859568,0.03118989379600866,0.7358243904872502,-0.5390913326425016
1.2681339927808768,-0.460146442755763,1.534754308161472,0.9626079496825979,0.09960941530613472,-0.29145404199177716
0.867477378928745,-0.3596111179419545,-0.446327041786277,-0.5633322695358567,-1.8797260630351145,-0.03304991261710812
1.2681339927808768,-0.2088081307212417,0.06940901212574029,-1.0191325947569547,-0.39522445427917796,-0.5606250100903907
-1.3296717938087517,3.0448805632529243,-0.7983373642976539,-0.20661897153673786,0.45306217929564296,0.06385163589839285
0.22125703400595184,-0.4327277178065425,-0.10250300584493215,-0.028262322537178405,-0.607296112672883,-0.12995146113260897
0.6219136478580836,-0.04886556851745544,-0.7082882120273016,-0.325523404203112,1.0892771544767585,-0.1407182998565535
-1.5623111179809572,-0.3184830305181237,-0.446327041786277,0.3086335700175454,1.0892771544767585,0.12845266824206003
-2.2990023111929414,-0.2910643055689032,-1.3140734182096712,-0.028262322537178405,0.5944432848914466,0.17152002313783826
-0.4378877178152971,-0.33219239299273395,-1.3140734182096712,0.36808578635073247,-0.8193677710665884,-0.45295662285094523
-0.6705270419875027,-0.2910643055689032,-1.4041225704800233,0.2095465427955681,0.5237527320935448,-0.3560550743354444
-0.8385443316674289,-0.44186729278961595,-0.5363761940566293,0.2095465427955681,-0.7486772182686866,-0.3560550743354444
-1.4072182351994869,-0.3915996303827117,0.8471062362787822,-0.028262322537178405,-0.8900583238644902,0.5914267333716753
0.5443672064673484,-0.38246005539963823,0.8471062362787822,0.15009432646238105,0.6651338376893484,-0.5606250100903907
0.13078618571676082,-0.350471542958881,-0.19255215811528437,-0.028262322537178405,-0.9607488766623921,0.17152002313783826
0.22125703400595184,-0.10827280590743323,0.5032822003374374,-0.14716675520355077,-0.1124622430875707,0.48375834613223
0.5443672064673484,0.010541668872522267,2.0586766486435213,1.1607820041265524,0.24099052090193757,0.06385163589839285
-0.5929806005967675,-0.3093434555350502,-1.4041225704800233,-0.028262322537178405,0.3823716264977412,-0.03304991261710812
-0.3474168695261061,-0.4098787803488587,-0.8802002299979741,-0.5633322695358567,-1.8090355102372129,-0.3560550743354444
1.0225702617102153,-0.3184830305181237,-0.7983373642976539,-0.42461043142508925,-2.2331788270246236,-0.06535042878894166
-0.7609978902766937,3.5475571873219667,-0.446327041786277,-0.3453408096475071,-0.8193677710665884,-0.45295662285094523
-0.5929806005967675,-0.2819247305858297,0.75705708400843,0.16991173190677614,0.9478960488809557,-0.054583590064997224
1.5912441652422733,-0.3596111179419545,0.75705708400843,-0.42461043142508925,-1.1728205350560972,0.03155111972655919
-2.2990023111929414,-0.3413319679758075,0.5032822003374374,-0.3057059987587151,-0.5366055598749816,-0.2268530096481099
0.4538963581781574,-0.4098787803488587,0.5851450660377576,-0.42461043142508925,-0.4659150070770798,0.48375834613223
1.0225702617102153,-0.240796643161999,0.5032822003374374,0.16991173190677614,0.6651338376893484,0.3868567976167291
0.6219136478580836,-0.3413319679758075,0.8471062362787822,-0.6227844858690438,0.9478960488809557,-0.1407182998565535
0.13078618571676082,-0.4190183553319322,1.1909302722201272,-0.9993151893125596,-1.5262732990456058,-0.3560550743354444
-0.4378877178152971,-0.4190183553319322,-0.5363761940566293,-0.0678971334259686,1.5841110240620713,-0.16225197730444263
0.6219136478580836,-0.04886556851745544,-0.7082882120273016,5.025176065783682,1.301348812870464,0.06385163589839285
-0.02430669706470954,-0.14026131834819044,0.41323304806708516,0.26899875912875515,-0.39522445427917796,0.48375834613223
0.298803475396687,2.345703077047802,-1.5760345884506959,1.002242760571388,0.6651338376893484,-0.45295662285094523
-0.4378877178152971,-0.4007392053657853,-0.020640140144611942,-0.04807972798157351,1.654801576859973,0.17152002313783826
-0.5929806005967675,4.548340647968516,2.746324720526211,-0.5236974586470665,-0.8193677710665884,0.48375834613223
-0.11477754535390057,3.145415888066733,-0.7082882120273016,-0.18680156609234275,1.2306582600725622,0.27918841037728365
1.1130411099994064,-0.2819247305858297,1.3628422901907995,-0.42461043142508925,-1.738344957439311,-0.17301881602838712
0.7770065306395539,-0.24993621814507247,-1.0521122479686464,-0.6227844858690438,0.7358243904872502,0.06385163589839285
-1.4072182351994869,-0.2682153681112195,-0.19255215811528437,-0.4642452423138795,-1.9504166158330163,0.06385163589839285
0.053239744326025636,-0.350471542958881,0.24132103009641273,-0.6227844858690438,-2.1624882742267215,0.06385163589839285
-0.6705270419875027,-0.240796643161999,-0.3644641760859568,0.011372488351611799,-0.39522445427917796,0.27918841037728365
1.345680434171612,-0.2682153681112195,-0.3644641760859568,-0.028262322537178405,-1.1728205350560972,0.10691899079417094
0.6219136478580836,0.22989146846628633,0.33137018236676496,-0.2462537824255298,0.9478960488809557,0.06385163589839285
-0.5154341592060323,-0.2819247305858297,0.9289691019791024,-0.028262322537178405,-0.607296112672883,-0.45295662285094523
-0.4378877178152971,-0.2682153681112195,-1.232210552509351,0.2095465427955681,0.6651338376893484,-0.5067908164706679
0.4538963581781574,0.05166975629635304,0.8471062362787822,-0.2660711878699249,1.9375637880515795,0.27918841037728365
-0.19232398674463574,-0.17224983078894776,2.1405395143438417,-0.325523404203112,-0.1124622430875707,-0.1407182998565535
-0.7609978902766937,-0.368750692925028,-0.020640140144611942,0.15009432646238105,-0.4659150070770798,-0.29145404199177716
0.9450238203194802,-0.3184830305181237,-0.7983373642976539,-0.5831496749802536,-1.0314394294602935,-0.1407182998565535
-1.484764676590222,-0.33219239299273395,0.5032822003374374,0.051007299240403765,1.8668732352536783,-0.5390913326425016
-2.790129773334264,2.944345238439116,-0.5363761940566293,0.40772059723952264,0.5237527320935448,-0.3560550743354444
-0.02430669706470954,-0.3184830305181237,0.5851450660377576,-1.0191325947569547,1.0185866016788567,-0.11918462240866443
0.6219136478580836,0.0014020938894487992,0.9289691019791024,1.358956058570507,-1.1728205350560972,-0.1407182998565535
-0.02430669706470954,-0.3184830305181237,-0.7983373642976539,0.189729137351173,0.5944432848914466,0.17152002313783826
0.3763499167874222,-0.2910643055689032,0.6751942183081098,0.8040687061274335,0.45306217929564296,-0.24838668709599893
0.6994600892488188,-0.350471542958881,1.1909302722201272,-0.5831496749802536,1.0185866016788567,0.17152002313783826
0.9450238203194802,-0.3002038805519767,-0.10250300584493215,0.16991173190677614,0.3116810736998394,0.27918841037728365
-0.4378877178152971,3.7486278369495842,1.886764630672849,-0.20661897153673786,-1.1728205350560972,0.48375834613223
-0.19232398674463574,3.34648653769435,1.3628422901907995,-0.44442783686948434,1.4427299184662676,-0.5606250100903907
-1.3296717938087517,-0.33219239299273395,1.0190182542494546,0.11045951557359084,-0.04177169028966889,0.3222557652730619
1.345680434171612,-0.15854046831433746,0.33137018236676496,-0.42461043142508925,-0.2538433486833743,0.27918841037728365
-0.11477754535390057,-0.4007392053657853,-0.3644641760859568,0.189729137351173,0.5237527320935448,0.5052920235801192
0.867477378928745,-0.350471542958881,-0.7082882120273016,-0.6426018913134389,-1.5969638518435076,0.48375834613223
-0.5929806005967675,-0.18138940577202123,-0.446327041786277,-0.4642452423138795,2.3617071048389904,-0.17301881602838712
0.298803475396687,-0.3413319679758075,-0.8802002299979741,-0.22643637698113295,0.45306217929564296,0.0530847971744483
0.9450238203194802,-0.2819247305858297,0.75705708400843,-0.8605933512017904,-1.1021299822581954,-0.45295662285094523
-0.3474168695261061,-0.2682153681112195,-0.446327041786277,-0.16698416064794763,0.7358243904872502,0.10691899079417094
0.5443672064673484,-0.23165706817892545,1.109067406519807,-0.8209585403130001,-0.2538433486833743,-0.3560550743354444
-0.5929806005967675,4.150769136204818,-0.446327041786277,-0.4642452423138795,-0.8193677710665884,-0.24838668709599893
1.345680434171612,-0.33219239299273395,0.6751942183081098,0.5662598407946869,0.09960941530613472,-0.08688410623683077
1.0225702617102153,-0.350471542958881,-1.9198586243920408,-0.008444917092783303,1.2306582600725622,0.06385163589839285
0.7770065306395539,-0.13112174336511698,-0.020640140144611942,0.011372488351611799,2.7151598688284992,-0.45295662285094523
0.298803475396687,-0.23165706817892545,0.33137018236676496,1.557130113014465,1.0185866016788567,0.14998634568994915
1.1130411099994064,-0.08085408095821274,3.180197908737908,-0.8209585403130001,-0.8900583238644902,0.27918841037728365
-3.02276909750647,-0.2819247305858297,1.1909302722201272,-0.028262322537178405,1.1599677072746604,0.0530847971744483
1.345680434171612,-0.17224983078894776,1.0190182542494546,0.8833383279050157,-0.2538433486833743,-0.3560550743354444
1.0225702617102153,-0.12198216838204343,-0.446327041786277,-0.3651582150919022,-1.0314394294602935,-0.5606250100903907
-0.3474168695261061,-0.24993621814507247,-0.7983373642976539,0.3086335700175454,0.5237527320935448,0.1822868618617828
-0.3474168695261061,-0.3413319679758075,-1.1421614002389988,0.3086335700175454,1.654801576859973,-0.29145404199177716
-0.6705270419875027,-0.3596111179419545,-0.8802002299979741,0.26899875912875515,-0.04177169028966889,-0.4098892679551671
-0.3474168695261061,-0.09913323092435967,2.1405395143438417,-0.9794977838681644,0.7358243904872502,-0.4098892679551671
-0.5929806005967675,-0.23165706817892545,1.6248034604318242,-0.22643637698113295,-0.2538433486833743,0.5914267333716753
-0.6705270419875027,-0.2910643055689032,0.6751942183081098,-0.721871513091021,-0.9607488766623921,0.06385163589839285
1.2681339927808768,-0.3184830305181237,0.24132103009641273,0.7644338952386432,1.9375637880515795,0.03155111972655919
1.0225702617102153,-0.04886556851745544,-0.3644641760859568,0.7644338952386432,-0.2538433486833743,-0.1407182998565535
-1.4072182351994869,-0.2682153681112195,0.5032822003374374,-0.10753194431476058,0.5237527320935448,0.08538531334628184
-0.5929806005967675,-0.3915996303827117,0.5032822003374374,-1.0191325947569547,-0.8900583238644902,0.27918841037728365
1.0225702617102153,-0.12198216838204343,-0.446327041786277,6.115133365225434,2.3617071048389904,0.27918841037728365
-0.02430669706470954,-0.2682153681112195,-0.3644641760859568,-1.0191325947569547,-1.3142016406519006,-0.5606250100903907
1.0225702617102153,-0.1905289807550947,0.06940901212574029,0.7247990843498513,1.1599677072746604,-0.24838668709599893
-0.7609978902766937,-0.4007392053657853,-1.4859854361803437,0.011372488351611799,0.5237527320935448,-0.3560550743354444
1.5136977238515381,-0.3184830305181237,0.06940901212574029,0.2293639482399632,-0.1831527958854725,0.07461847462233728
-2.221455869802206,-0.3002038805519767,-1.4041225704800233,0.5662598407946869,0.806514943285152,-0.5606250100903907
-0.02430669706470954,-0.22251749319585198,0.24132103009641273,0.5068076244615,-0.1831527958854725,0.12845266824206003
-0.6705270419875027,-0.2910643055689032,0.9289691019791024,-0.721871513091021,0.6651338376893484,-0.5606250100903907
-0.6705270419875027,-0.44186729278961595,-0.020640140144611942,-0.16698416064794763,0.8772054960830539,0.24688789420545
0.13078618571676082,-0.149400893331264,-0.7082882120273016,0.9626079496825979,-1.6676544046414095,0.48375834613223
0.298803475396687,-0.03058641855130842,2.836373872796563,-1.0191325947569547,1.9375637880515795,-0.5606250100903907
1.1130411099994064,-0.3413319679758075,1.4528914424611519,-0.42461043142508925,1.0185866016788567,0.5914267333716753
-0.8385443316674289,-0.3915996303827117,0.41323304806708516,0.11045951557359084,1.654801576859973,-0.29145404199177716
-1.5623111179809572,-0.2910643055689032,-1.3140734182096712,-0.22643637698113295,0.8772054960830539,-0.3560550743354444
1.0225702617102153,-0.2819247305858297,-0.19255215811528437,-0.325523404203112,-1.1728205350560972,-0.03304991261710812
-0.3474168695261061,-0.368750692925028,-0.5363761940566293,0.03118989379600866,0.5237527320935448,0.17152002313783826
0.6219136478580836,-0.460146442755763,1.109067406519807,0.7644338952386432,-0.1124622430875707,0.5914267333716753
0.6219136478580836,-0.5286932551288143,0.9289691019791024,-0.325523404203112,-0.1831527958854725,-0.24838668709599893
0.9450238203194802,-0.2819247305858297,-1.1421614002389988,-0.22643637698113295,-0.1124622430875707,0.5914267333716753
-1.4072182351994869,-0.2910643055689032,1.7967154784024966,-0.0678971334259686,0.5944432848914466,0.34378944272095086
-0.6705270419875027,-0.25907579312814594,-0.3644641760859568,-0.08771453887036547,-0.1124622430875707,0.48375834613223
